Season,Team,HomePPG,AwayPPG,PPG_Diff
2021-2022,Arsenal,2.1578947368421053,1.4736842105263157,0.6842105263157896
2021-2022,Aston Villa,1.2105263157894737,1.1578947368421053,0.05263157894736836
2021-2022,Brentford,1.263157894736842,1.1578947368421053,0.10526315789473673
2021-2022,Brighton,1.1578947368421053,1.5263157894736843,-0.368421052631579
2021-2022,Burnley,1.105263157894737,0.7368421052631579,0.3684210526315791
2021-2022,Chelsea,1.7894736842105263,2.1052631578947367,-0.3157894736842104
2021-2022,Crystal Palace,1.5263157894736843,1.0,0.5263157894736843
2021-2022,Everton,1.5263157894736843,0.5263157894736842,1.0
2021-2022,Leeds,0.9473684210526315,1.0526315789473684,-0.10526315789473684
2021-2022,Leicester,1.7894736842105263,0.9473684210526315,0.8421052631578948
2021-2022,Liverpool,2.5789473684210527,2.263157894736842,0.3157894736842106
2021-2022,Man City,2.473684210526316,2.4210526315789473,0.052631578947368585
2021-2022,Man United,1.8421052631578947,1.2105263157894737,0.631578947368421
2021-2022,Newcastle,1.5789473684210527,1.0,0.5789473684210527
2021-2022,Norwich,0.631578947368421,0.5263157894736842,0.10526315789473684
2021-2022,Southampton,1.3157894736842106,0.7894736842105263,0.5263157894736843
2021-2022,Tottenham,2.1052631578947367,1.631578947368421,0.4736842105263157
2021-2022,Watford,0.42105263157894735,0.7894736842105263,-0.368421052631579
2021-2022,West Ham,1.6842105263157894,1.263157894736842,0.42105263157894735
2021-2022,Wolves,1.263157894736842,1.4210526315789473,-0.1578947368421053
2022-2023,Arsenal,2.3684210526315788,2.0526315789473686,0.3157894736842102
2022-2023,Aston Villa,2.0,1.2105263157894737,0.7894736842105263
2022-2023,Bournemouth,1.1578947368421053,0.8947368421052632,0.26315789473684215
2022-2023,Brentford,1.9473684210526316,1.1578947368421053,0.7894736842105263
2022-2023,Brighton,1.7894736842105263,1.4736842105263157,0.3157894736842106
2022-2023,Chelsea,1.3157894736842106,1.0,0.3157894736842106
2022-2023,Crystal Palace,1.4736842105263157,0.8947368421052632,0.5789473684210525
2022-2023,Everton,1.105263157894737,0.7894736842105263,0.3157894736842106
2022-2023,Fulham,1.5263157894736843,1.2105263157894737,0.3157894736842106
2022-2023,Leeds,1.1578947368421053,0.47368421052631576,0.6842105263157896
2022-2023,Leicester,1.0,0.7894736842105263,0.21052631578947367
2022-2023,Liverpool,2.3157894736842106,1.2105263157894737,1.105263157894737
2022-2023,Man City,2.736842105263158,1.9473684210526316,0.7894736842105263
2022-2023,Man United,2.526315789473684,1.4210526315789473,1.1052631578947367
2022-2023,Newcastle,2.0526315789473686,1.6842105263157894,0.3684210526315792
2022-2023,Nott'm Forest,1.5789473684210527,0.42105263157894735,1.1578947368421053
2022-2023,Southampton,0.5789473684210527,0.7368421052631579,-0.1578947368421052
2022-2023,Tottenham,1.9473684210526316,1.2105263157894737,0.736842105263158
2022-2023,West Ham,1.4736842105263157,0.631578947368421,0.8421052631578947
2022-2023,Wolves,1.5789473684210527,0.5789473684210527,1.0
2023-2024,Arsenal,2.473684210526316,2.210526315789474,0.26315789473684204
2023-2024,Aston Villa,2.1052631578947367,1.4736842105263157,0.631578947368421
2023-2024,Bournemouth,1.4210526315789473,1.105263157894737,0.3157894736842104
2023-2024,Brentford,1.1578947368421053,0.8947368421052632,0.26315789473684215
2023-2024,Brighton,1.5789473684210527,0.9473684210526315,0.6315789473684211
2023-2024,Burnley,0.5263157894736842,0.7368421052631579,-0.21052631578947367
2023-2024,Chelsea,1.9473684210526316,1.368421052631579,0.5789473684210527
2023-2024,Crystal Palace,1.4736842105263157,1.105263157894737,0.36842105263157876
2023-2024,Everton,1.4736842105263157,1.0526315789473684,0.42105263157894735
2023-2024,Fulham,1.5263157894736843,0.9473684210526315,0.5789473684210528
2023-2024,Liverpool,2.526315789473684,1.7894736842105263,0.7368421052631577
2023-2024,Luton,0.8421052631578947,0.5263157894736842,0.3157894736842105
2023-2024,Man City,2.473684210526316,2.3157894736842106,0.1578947368421053
2023-2024,Man United,1.736842105263158,1.4210526315789473,0.3157894736842106
2023-2024,Newcastle,2.1052631578947367,1.0526315789473684,1.0526315789473684
2023-2024,Nott'm Forest,1.0526315789473684,0.8421052631578947,0.21052631578947367
2023-2024,Sheffield United,0.5263157894736842,0.3157894736842105,0.21052631578947367
2023-2024,Tottenham,2.0526315789473686,1.4210526315789473,0.6315789473684212
2023-2024,West Ham,1.5263157894736843,1.2105263157894737,0.3157894736842106
2023-2024,Wolves,1.4210526315789473,1.0,0.42105263157894735
2024-2025,Arsenal,2.0526315789473686,1.8421052631578947,0.2105263157894739
2024-2025,Aston Villa,2.1052631578947367,1.368421052631579,0.7368421052631577
2024-2025,Bournemouth,1.4736842105263157,1.4736842105263157,0.0
2024-2025,Brentford,1.631578947368421,1.3157894736842106,0.3157894736842104
2024-2025,Brighton,1.6842105263157894,1.5263157894736843,0.1578947368421051
2024-2025,Chelsea,2.1578947368421053,1.4736842105263157,0.6842105263157896
2024-2025,Crystal Palace,1.3157894736842106,1.4736842105263157,-0.1578947368421051
2024-2025,Everton,1.263157894736842,1.263157894736842,0.0
2024-2025,Fulham,1.368421052631579,1.4736842105263157,-0.10526315789473673
2024-2025,Ipswich,0.3684210526315789,0.7894736842105263,-0.4210526315789474
2024-2025,Leicester,0.7894736842105263,0.5263157894736842,0.26315789473684215
2024-2025,Liverpool,2.4210526315789473,2.0,0.42105263157894735
2024-2025,Man City,2.210526315789474,1.5263157894736843,0.6842105263157896
2024-2025,Man United,1.263157894736842,0.9473684210526315,0.3157894736842105
2024-2025,Newcastle,2.0,1.4736842105263157,0.5263157894736843
2024-2025,Nott'm Forest,1.6842105263157894,1.736842105263158,-0.052631578947368585
2024-2025,Southampton,0.3157894736842105,0.3157894736842105,0.0
2024-2025,Tottenham,1.105263157894737,0.8947368421052632,0.21052631578947378
2024-2025,West Ham,1.0526315789473684,1.2105263157894737,-0.1578947368421053
2024-2025,Wolves,1.105263157894737,1.105263157894737,0.0
2025-2026,Arsenal,2.473684210526316,2.0,0.47368421052631593
2025-2026,Aston Villa,2.0,1.4210526315789473,0.5789473684210527
2025-2026,Bournemouth,1.631578947368421,1.368421052631579,0.26315789473684204
2025-2026,Brentford,1.6842105263157894,1.105263157894737,0.5789473684210524
2025-2026,Brighton,1.736842105263158,1.0526315789473684,0.6842105263157896
2025-2026,Burnley,0.6842105263157895,0.47368421052631576,0.21052631578947373
2025-2026,Chelsea,1.368421052631579,1.368421052631579,0.0
2025-2026,Crystal Palace,1.105263157894737,1.263157894736842,-0.1578947368421051
2025-2026,Everton,1.2105263157894737,1.368421052631579,-0.1578947368421053
2025-2026,Fulham,1.8421052631578947,0.8947368421052632,0.9473684210526315
2025-2026,Leeds,1.6842105263157894,0.7894736842105263,0.894736842105263
2025-2026,Liverpool,1.894736842105263,1.263157894736842,0.631578947368421
2025-2026,Man City,2.3684210526315788,1.736842105263158,0.6315789473684208
2025-2026,Man United,2.210526315789474,1.5263157894736843,0.6842105263157896
2025-2026,Newcastle,1.6842105263157894,0.8947368421052632,0.7894736842105262
2025-2026,Nott'm Forest,1.0526315789473684,1.263157894736842,-0.21052631578947367
2025-2026,Sunderland,1.736842105263158,1.105263157894737,0.631578947368421
2025-2026,Tottenham,0.7894736842105263,1.368421052631579,-0.5789473684210527
2025-2026,West Ham,1.1578947368421053,0.8947368421052632,0.26315789473684215
2025-2026,Wolves,0.7368421052631579,0.3157894736842105,0.42105263157894735
